/08604/_filmportal_de_node_1072499,https://www.europeana.eu/de/item/08604/_filmportal_de_node_1072499
/08604/_filmportal_de_node_1072500,https://www.europeana.eu/de/item/08604/_filmportal_de_node_1072500
/08604/_filmportal_de_node_738879,https://www.europeana.eu/de/item/08604/_filmportal_de_node_738879
/08604/_filmportal_de_node_655376,https://www.europeana.eu/de/item/08604/_filmportal_de_node_655376
/08604/_filmportal_de_node_1201520,https://www.europeana.eu/de/item/08604/_filmportal_de_node_1201520
/08604/_filmportal_de_node_761557,https://www.europeana.eu/de/item/08604/_filmportal_de_node_761557
/08604/_filmportal_de_node_761560,https://www.europeana.eu/de/item/08604/_filmportal_de_node_761560
/08604/_filmportal_de_node_739362,https://www.europeana.eu/de/item/08604/_filmportal_de_node_739362
/08604/_filmportal_de_node_739365,https://www.europeana.eu/de/item/08604/_filmportal_de_node_739365
/08604/_filmportal_de_node_753149,https://www.europeana.eu/de/item/08604/_filmportal_de_node_753149
/08604/_filmportal_de_node_710657,https://www.europeana.eu/de/item/08604/_filmportal_de_node_710657
/08604/_filmportal_de_node_768380,https://www.europeana.eu/de/item/08604/_filmportal_de_node_768380
/08604/_filmportal_de_node_768383,https://www.europeana.eu/de/item/08604/_filmportal_de_node_768383
/08604/_filmportal_de_node_662862,https://www.europeana.eu/de/item/08604/_filmportal_de_node_662862
/08604/_filmportal_de_node_740714,https://www.europeana.eu/de/item/08604/_filmportal_de_node_740714
/08604/_filmportal_de_node_764397,https://www.europeana.eu/de/item/08604/_filmportal_de_node_764397
/08604/_filmportal_de_node_736632,https://www.europeana.eu/de/item/08604/_filmportal_de_node_736632
/08604/_filmportal_de_node_760244,https://www.europeana.eu/de/item/08604/_filmportal_de_node_760244
/08604/_filmportal_de_node_771586,https://www.europeana.eu/de/item/08604/_filmportal_de_node_771586
/08604/_filmportal_de_node_718159,https://www.europeana.eu/de/item/08604/_filmportal_de_node_718159
/08604/_filmportal_de_node_745362,https://www.europeana.eu/de/item/08604/_filmportal_de_node_745362
/08604/_filmportal_de_node_1206877,https://www.europeana.eu/de/item/08604/_filmportal_de_node_1206877
